{
  "Empty": {
    "1-1": [
      72,
      143,
      105
    ],
    "1-2": [
      94,
      152,
      111
    ],
    "1-3": [
      72,
      143,
      101
    ],
    "2-1": [
      47,
      129,
      95
    ],
    "2-2": [
      79,
      141,
      102
    ],
    "2-3": [
      51,
      133,
      94
    ],
    "3-1": [
      67,
      147,
      114
    ],
    "3-2": [
      100,
      161,
      128
    ],
    "3-3": [
      68,
      151,
      115
    ]
  },
  "Red": {
    "1-1": [
      160,
      93,
      81
    ],
    "1-2": [
      148,
      80,
      66
    ],
    "1-3": [
      150,
      73,
      61
    ],
    "2-1": [
      148,
      96,
      83
    ],
    "2-2": [
      140,
      81,
      68
    ],
    "2-3": [
      141,
      72,
      57
    ],
    "3-1": [
      152,
      109,
      102
    ],
    "3-2": [
      149,
      90,
      80
    ],
    "3-3": [
      144,
      72,
      60
    ]
  },
  "White": {
    "1-1": [
      159,
      184,
      174
    ],
    "1-2": [
      155,
      182,
      173
    ],
    "1-3": [
      155,
      175,
      164
    ],
    "2-1": [
      149,
      181,
      174
    ],
    "2-2": [
      142,
      174,
      166
    ],
    "2-3": [
      143,
      168,
      160
    ],
    "3-1": [
      151,
      178,
      172
    ],
    "3-2": [
      145,
      176,
      169
    ],
    "3-3": [
      148,
      175,
      168
    ]
  },
  "Blue": {
    "1-1": [
      120,
      159,
      175
    ],
    "1-2": [
      108,
      146,
      161
    ],
    "1-3": [
      106,
      140,
      157
    ],
    "2-1": [
      109,
      149,
      161
    ],
    "2-2": [
      101,
      143,
      155
    ],
    "2-3": [
      102,
      140,
      155
    ],
    "3-1": [
      114,
      160,
      179
    ],
    "3-2": [
      113,
      149,
      161
    ],
    "3-3": [
      107,
      143,
      158
    ]
  },
  "Black": {
    "1-1": [
      60,
      82,
      76
    ],
    "1-2": [
      51,
      75,
      66
    ],
    "1-3": [
      46,
      64,
      56
    ],
    "2-1": [
      61,
      90,
      85
    ],
    "2-2": [
      52,
      81,
      75
    ],
    "2-3": [
      43,
      69,
      61
    ],
    "3-1": [
      70,
      99,
      98
    ],
    "3-2": [
      57,
      84,
      81
    ],
    "3-3": [
      46,
      69,
      65
    ]
  },
  "No-Cap": {
    "1-1": [
      95,
      159,
      130
    ],
    "1-2": [
      82,
      146,
      116
    ],
    "1-3": [
      87,
      145,
      113
    ],
    "2-1": [
      73,
      143,
      113
    ],
    "2-2": [
      80,
      148,
      114
    ],
    "2-3": [
      77,
      142,
      109
    ],
    "3-1": [
      88,
      156,
      127
    ],
    "3-2": [
      88,
      151,
      122
    ],
    "3-3": [
      77,
      143,
      114
    ]
  }
}